{"Mexico": [-118.8672, 14.5329, -86.7034, 32.7186], "Mississippi": [-91.644356, 30.180753, -88.097888, 34.996033], "Oklahoma": [-103.002518, 33.62184, -94.43151499999999, 37.001630999999996], "Delaware": [-75.788596, 38.451012, -75.04893899999999, 39.839185], "Minnesota": [-97.229039, 43.49952, -89.489226, 49.384358], "Illinois": [-91.511956, 36.982057, -87.498948, 42.508480999999996], "Arkansas": [-94.617919, 33.004106, -89.64726999999999, 36.4996], "New Mexico": [-109.050044, 31.332314999999998, -103.001964, 37.000139], "Ohio": [-84.82015899999999, 38.404337999999996, -80.51889299999999, 41.977523], "Indiana": [-88.067364, 37.767631, -84.786406, 41.760239999999996], "Maryland": [-79.486873, 37.916848, -75.04893899999999, 39.723122], "Louisiana": [-94.043083, 28.933812, -89.01428, 33.019456999999996], "Idaho": [-117.243027, 41.98858, -111.043564, 49.000912], "Wyoming": [-111.056888, 40.996345999999996, -104.052287, 45.005904], "Tennessee": [-90.309297, 34.982987, -81.6469, 36.678118], "Arizona": [-114.814185, 31.332238999999998, -109.045223, 37.003197], "Iowa": [-96.624704, 40.378264, -90.140613, 43.500885], "Michigan": [-90.41813599999999, 41.696089, -82.415937, 48.21065], "Kansas": [-102.051744, 36.993083, -94.591933, 40.003077999999995], "Utah": [-114.052701, 36.997968, -109.041762, 42.001567], "Virginia": [-83.67541299999999, 36.540738, -75.242266, 39.466012], "Oregon": [-124.552441, 41.992692, -116.463504, 46.269130999999994], "Connecticut": [-73.727775, 40.985171, -71.789356, 42.049638], "Montana": [-116.049193, 44.380314999999996, -104.039138, 49.00139], "California": [-124.409591, 32.534155999999996, -114.139055, 42.009246999999995], "Texas": [-106.63588, 25.840117, -93.530936, 36.500439], "West Virginia": [-82.626182, 37.202467, -77.71951899999999, 40.638801], "South Carolina": [-83.35323799999999, 32.034600000000005, -78.54108699999999, 35.202483], "New Hampshire": [-72.556112, 42.69699, -70.703818, 45.305451], "Massachusetts": [-73.50814199999999, 41.237964, -69.92826099999999, 42.884589], "Vermont": [-73.43688, 42.726853, -71.49440299999999, 45.01479], "Georgia": [-85.605165, 30.360765999999998, -80.84313, 35.000659], "North Dakota": [-104.0489, 45.935244999999995, -96.554507, 49.000687], "Pennsylvania": [-80.519891, 39.720062, -74.694914, 42.26986], "Puerto Rico": [-67.955811, 17.913769, -65.22156799999999, 18.511706], "Florida": [-87.63494299999999, 24.498130999999997, -80.03211999999999, 31.000693], "Hawaii": [-160.24961, 18.917465999999997, -154.814417, 22.232602999999997], "Kentucky": [-89.57148099999999, 36.497934, -81.96829699999999, 39.147358], "Alaska": [-179.174265, 51.219862, 179.773922, 71.352561], "Nebraska": [-104.053249, 39.999998, -95.30829, 43.000768], "Missouri": [-95.76564499999999, 35.995812, -89.098843, 40.61364], "Wisconsin": [-92.887929, 42.49192, -86.80586799999999, 47.054677999999996], "Alabama": [-88.46866899999999, 30.228313999999997, -84.891841, 35.008027999999996], "Rhode Island": [-71.86277199999999, 41.146339, -71.12057, 42.018798], "South Dakota": [-104.057698, 42.482749, -96.439335, 45.94531], "Colorado": [-109.060062, 36.992426, -102.041876, 41.003073], "New Jersey": [-75.559446, 38.928519, -73.893979, 41.357423], "Washington": [-124.72583900000001, 45.544321, -116.915989, 49.002494], "North Carolina": [-84.32186899999999, 33.851112, -75.458659, 36.588117], "New York": [-79.76212199999999, 40.502435999999996, -71.856214, 45.014683], "District Of Columbia": [-77.119759, 38.791644999999995, -76.909393, 38.995548], "Nevada": [-120.005142, 35.001857, -114.039901, 42.00038], "Maine": [-71.083924, 43.059825, -66.949895, 47.457159]}
